PRAGMA foreign_keys=OFF;
BEGIN TRANSACTION;
CREATE TABLE integer_statistic (
  id INTEGER PRIMARY KEY NOT NULL,
  name varchar(128) NOT NULL,
  units varchar(10),
  is_primary tinyint NOT NULL DEFAULT 0
);
INSERT INTO "integer_statistic" VALUES(15,'population (est)','people',1);
INSERT INTO "integer_statistic" VALUES(16,'population (census)','people',1);
INSERT INTO "integer_statistic" VALUES(17,'male population (est)','people',0);
INSERT INTO "integer_statistic" VALUES(18,'female population (est)','people',0);
INSERT INTO "integer_statistic" VALUES(19,'total area (sq mi)','sq mi',0);
INSERT INTO "integer_statistic" VALUES(20,'total area (km²)','km²',0);
INSERT INTO "integer_statistic" VALUES(21,'area (sq mi)','sq mi',1);
INSERT INTO "integer_statistic" VALUES(22,'area (km²)','km²',1);
INSERT INTO "integer_statistic" VALUES(23,'water area (sq mi)','sq mi',0);
INSERT INTO "integer_statistic" VALUES(24,'water area (km²)','km²',0);
CREATE TABLE map (
  id char(3) NOT NULL,
  country_code char(2),
  name varchar(128),
  PRIMARY KEY (id)
);
INSERT INTO "map" VALUES('au1','au','Australia');
INSERT INTO "map" VALUES('ca1','ca','Canada');
INSERT INTO "map" VALUES('eu1','eu','Europe');
INSERT INTO "map" VALUES('mx1','mx','Mexico');
INSERT INTO "map" VALUES('ru1','ru','Russia');
INSERT INTO "map" VALUES('top',NULL,'World');
INSERT INTO "map" VALUES('us1','us','United States of America');
CREATE TABLE place (
  id INTEGER PRIMARY KEY NOT NULL,
  name varchar(128) NOT NULL,
  parent_id integer,
  map_id char(3) NOT NULL,
  map_code varchar(10),
  flag varchar(10)
);
INSERT INTO "place" VALUES(1,'Australia',NULL,'top','au',NULL);
INSERT INTO "place" VALUES(2,'Canada',NULL,'top','ca',NULL);
INSERT INTO "place" VALUES(3,'Mexico',NULL,'top','mx',NULL);
INSERT INTO "place" VALUES(4,'United States of America',NULL,'top','us',NULL);
INSERT INTO "place" VALUES(5,'New South Wales',1,'au1','NSW','au-nsw.png');
INSERT INTO "place" VALUES(6,'Victoria',1,'au1','VIC','au-vic.png');
INSERT INTO "place" VALUES(7,'Queensland',1,'au1','QLD','au-qld.png');
INSERT INTO "place" VALUES(8,'Australian Capital Territory',1,'au1','ACT','au-act.png');
INSERT INTO "place" VALUES(9,'Tasmania',1,'au1','TAS','au-tas.png');
INSERT INTO "place" VALUES(10,'South Australia',1,'au1','SA','au-sa.png');
INSERT INTO "place" VALUES(11,'Northern Territory',1,'au1','NT','au-nt.png');
INSERT INTO "place" VALUES(12,'Western Australia',1,'au1','WA','au-wa.png');
INSERT INTO "place" VALUES(13,'Russia',NULL,'top','ru',NULL);
INSERT INTO "place" VALUES(14,'Switzerland',NULL,'top','ch',NULL);
INSERT INTO "place" VALUES(15,'European Union',NULL,'top','eu',NULL);
INSERT INTO "place" VALUES(16,'Austria',15,'eu1','at',NULL);
INSERT INTO "place" VALUES(17,'Belgium',15,'eu1','be',NULL);
INSERT INTO "place" VALUES(18,'Bulgaria',15,'eu1','bg',NULL);
INSERT INTO "place" VALUES(19,'Cyprus',15,'eu1','cy',NULL);
INSERT INTO "place" VALUES(20,'Czech Republic',15,'eu1','cz',NULL);
INSERT INTO "place" VALUES(21,'Denmark',15,'eu1','dk',NULL);
INSERT INTO "place" VALUES(22,'Estonia',15,'eu1','ee',NULL);
INSERT INTO "place" VALUES(23,'Finland',15,'eu1','fi',NULL);
INSERT INTO "place" VALUES(24,'France',15,'eu1','fr',NULL);
INSERT INTO "place" VALUES(25,'Germany',15,'eu1','de',NULL);
INSERT INTO "place" VALUES(26,'Greece',15,'eu1','gr',NULL);
INSERT INTO "place" VALUES(27,'Hungary',15,'eu1','hu',NULL);
INSERT INTO "place" VALUES(28,'Ireland',15,'eu1','ie',NULL);
INSERT INTO "place" VALUES(29,'Italy',15,'eu1','it',NULL);
INSERT INTO "place" VALUES(30,'Latvia',15,'eu1','lv',NULL);
INSERT INTO "place" VALUES(31,'Lithuania',15,'eu1','lt',NULL);
INSERT INTO "place" VALUES(32,'Luxembourg',15,'eu1','lu',NULL);
INSERT INTO "place" VALUES(33,'Malta',15,'eu1','mt',NULL);
INSERT INTO "place" VALUES(34,'Netherlands',15,'eu1','nl',NULL);
INSERT INTO "place" VALUES(35,'Poland',15,'eu1','pl',NULL);
INSERT INTO "place" VALUES(36,'Portugal',15,'eu1','pt',NULL);
INSERT INTO "place" VALUES(37,'Romania',15,'eu1','ro',NULL);
INSERT INTO "place" VALUES(38,'Slovakia',15,'eu1','sk',NULL);
INSERT INTO "place" VALUES(39,'Slovenia',15,'eu1','si',NULL);
INSERT INTO "place" VALUES(40,'Spain',15,'eu1','es',NULL);
INSERT INTO "place" VALUES(41,'Sweden',15,'eu1','se',NULL);
INSERT INTO "place" VALUES(42,'United Kingdom',15,'eu1','gb',NULL);
INSERT INTO "place" VALUES(43,'New Mexico',4,'us1','NM','us-nm.png');
INSERT INTO "place" VALUES(44,'New Jersey',4,'us1','NJ','us-nj.png');
INSERT INTO "place" VALUES(45,'Maine',4,'us1','ME','us-me.png');
INSERT INTO "place" VALUES(46,'California',4,'us1','CA','us-ca.png');
INSERT INTO "place" VALUES(47,'Alabama',4,'us1','AL','us-al.png');
INSERT INTO "place" VALUES(48,'Alaska',4,'us1','AK','us-ak.png');
INSERT INTO "place" VALUES(49,'Arizona',4,'us1','AZ','us-az.png');
INSERT INTO "place" VALUES(50,'Arkansas',4,'us1','AR','us-ar.png');
INSERT INTO "place" VALUES(51,'Colorado',4,'us1','CO','us-co.png');
INSERT INTO "place" VALUES(52,'Connecticut',4,'us1','CT','us-ct.png');
INSERT INTO "place" VALUES(53,'Delaware',4,'us1','DE','us-de.png');
INSERT INTO "place" VALUES(54,'District of Columbia',4,'us1','DC',NULL);
INSERT INTO "place" VALUES(55,'Florida',4,'us1','FL','us-fl.png');
INSERT INTO "place" VALUES(56,'Georgia',4,'us1','GA','us-ga.png');
INSERT INTO "place" VALUES(57,'Hawaii',4,'us1','HI','us-hi.png');
INSERT INTO "place" VALUES(58,'Idaho',4,'us1','ID','us-id.png');
INSERT INTO "place" VALUES(59,'Illinois',4,'us1','IL','us-il.png');
INSERT INTO "place" VALUES(60,'Indiana',4,'us1','IN','us-in.png');
INSERT INTO "place" VALUES(61,'Iowa',4,'us1','IA','us-ia.png');
INSERT INTO "place" VALUES(62,'Kansas',4,'us1','KS','us-ks.png');
INSERT INTO "place" VALUES(63,'Kentucky',4,'us1','KY','us-ky.png');
INSERT INTO "place" VALUES(64,'Louisiana',4,'us1','LA','us-la.png');
INSERT INTO "place" VALUES(65,'Maryland',4,'us1','MD','us-md.png');
INSERT INTO "place" VALUES(66,'Massachusetts',4,'us1','MA','us-ma.png');
INSERT INTO "place" VALUES(67,'Michigan',4,'us1','MI','us-mi.png');
INSERT INTO "place" VALUES(68,'Minnesota',4,'us1','MN','us-mn.png');
INSERT INTO "place" VALUES(69,'Mississippi',4,'us1','MS','us-ms.png');
INSERT INTO "place" VALUES(70,'Missouri',4,'us1','MO','us-mo.png');
INSERT INTO "place" VALUES(71,'Montana',4,'us1','MT','us-mt.png');
INSERT INTO "place" VALUES(72,'Nebraska',4,'us1','NE','us-ne.png');
INSERT INTO "place" VALUES(73,'Nevada',4,'us1','NV','us-nv.png');
INSERT INTO "place" VALUES(74,'New Hampshire',4,'us1','NH','us-nh.png');
INSERT INTO "place" VALUES(75,'New York',4,'us1','NY','us-ny.png');
INSERT INTO "place" VALUES(76,'North Carolina',4,'us1','NC','us-nc.png');
INSERT INTO "place" VALUES(77,'North Dakota',4,'us1','ND','us-nd.png');
INSERT INTO "place" VALUES(78,'Ohio',4,'us1','OH','us-oh.png');
INSERT INTO "place" VALUES(79,'Oklahoma',4,'us1','OK','us-ok.png');
INSERT INTO "place" VALUES(80,'Oregon',4,'us1','OR','us-or.png');
INSERT INTO "place" VALUES(81,'Pennsylvania',4,'us1','PA','us-pa.png');
INSERT INTO "place" VALUES(82,'Rhode Island',4,'us1','RI','us-ri.png');
INSERT INTO "place" VALUES(83,'South Carolina',4,'us1','SC','us-sc.png');
INSERT INTO "place" VALUES(84,'South Dakota',4,'us1','SD','us-sd.png');
INSERT INTO "place" VALUES(85,'Tennessee',4,'us1','TN','us-tn.png');
INSERT INTO "place" VALUES(86,'Texas',4,'us1','TX','us-tx.png');
INSERT INTO "place" VALUES(87,'Utah',4,'us1','UT','us-ut.png');
INSERT INTO "place" VALUES(88,'Vermont',4,'us1','VT','us-vt.png');
INSERT INTO "place" VALUES(89,'Virginia',4,'us1','VA','us-va.png');
INSERT INTO "place" VALUES(90,'Washington',4,'us1','WA','us-wa.png');
INSERT INTO "place" VALUES(91,'West Virginia',4,'us1','WV','us-wv.png');
INSERT INTO "place" VALUES(92,'Wisconsin',4,'us1','WI','us-wi.png');
INSERT INTO "place" VALUES(93,'Wyoming',4,'us1','WY','us-wy.png');
CREATE TABLE integer_value (
  place_id integer NOT NULL,
  integer_statistic_id integer NOT NULL,
  year integer NOT NULL,
  value integer,
  PRIMARY KEY (place_id, integer_statistic_id, year)
);
INSERT INTO "integer_value" VALUES(1,15,2003,20127363);
INSERT INTO "integer_value" VALUES(1,15,2004,20394791);
INSERT INTO "integer_value" VALUES(1,15,2005,20544064);
INSERT INTO "integer_value" VALUES(1,15,2006,20873663);
INSERT INTO "integer_value" VALUES(1,15,2007,21263271);
INSERT INTO "integer_value" VALUES(1,15,2008,21722820);
INSERT INTO "integer_value" VALUES(1,15,2009,22155429);
INSERT INTO "integer_value" VALUES(1,17,2003,9992728);
INSERT INTO "integer_value" VALUES(1,17,2004,10128064);
INSERT INTO "integer_value" VALUES(1,17,2005,10203169);
INSERT INTO "integer_value" VALUES(1,17,2006,10371462);
INSERT INTO "integer_value" VALUES(1,17,2007,10572793);
INSERT INTO "integer_value" VALUES(1,17,2008,10811876);
INSERT INTO "integer_value" VALUES(1,17,2009,11030943);
INSERT INTO "integer_value" VALUES(1,18,2003,10134635);
INSERT INTO "integer_value" VALUES(1,18,2004,10266727);
INSERT INTO "integer_value" VALUES(1,18,2005,10340895);
INSERT INTO "integer_value" VALUES(1,18,2006,10502201);
INSERT INTO "integer_value" VALUES(1,18,2007,10690478);
INSERT INTO "integer_value" VALUES(1,18,2008,10910944);
INSERT INTO "integer_value" VALUES(1,18,2009,11124486);
INSERT INTO "integer_value" VALUES(1,22,2010,7692024);
INSERT INTO "integer_value" VALUES(4,15,2000,282171957);
INSERT INTO "integer_value" VALUES(4,15,2001,285081556);
INSERT INTO "integer_value" VALUES(4,15,2002,287803914);
INSERT INTO "integer_value" VALUES(4,15,2003,290326418);
INSERT INTO "integer_value" VALUES(4,15,2004,293045739);
INSERT INTO "integer_value" VALUES(4,15,2005,295753151);
INSERT INTO "integer_value" VALUES(4,15,2006,298593212);
INSERT INTO "integer_value" VALUES(4,15,2007,301579895);
INSERT INTO "integer_value" VALUES(4,15,2008,304374846);
INSERT INTO "integer_value" VALUES(4,15,2009,307006550);
INSERT INTO "integer_value" VALUES(4,16,2000,281424602);
INSERT INTO "integer_value" VALUES(4,19,2010,3794083);
INSERT INTO "integer_value" VALUES(4,20,2010,9826630);
INSERT INTO "integer_value" VALUES(4,21,2010,3537438);
INSERT INTO "integer_value" VALUES(4,22,2010,9161924);
INSERT INTO "integer_value" VALUES(4,23,2010,256644);
INSERT INTO "integer_value" VALUES(4,24,2010,664707);
INSERT INTO "integer_value" VALUES(5,15,2003,6707189);
INSERT INTO "integer_value" VALUES(5,15,2004,6756457);
INSERT INTO "integer_value" VALUES(5,15,2005,6786435);
INSERT INTO "integer_value" VALUES(5,15,2006,6858555);
INSERT INTO "integer_value" VALUES(5,15,2007,6954961);
INSERT INTO "integer_value" VALUES(5,15,2008,7075707);
INSERT INTO "integer_value" VALUES(5,15,2009,7191505);
INSERT INTO "integer_value" VALUES(5,17,2003,3325371);
INSERT INTO "integer_value" VALUES(5,17,2004,3347837);
INSERT INTO "integer_value" VALUES(5,17,2005,3361431);
INSERT INTO "integer_value" VALUES(5,17,2006,3396324);
INSERT INTO "integer_value" VALUES(5,17,2007,3446236);
INSERT INTO "integer_value" VALUES(5,17,2008,3507958);
INSERT INTO "integer_value" VALUES(5,17,2009,3565652);
INSERT INTO "integer_value" VALUES(5,18,2003,3381818);
INSERT INTO "integer_value" VALUES(5,18,2004,3408620);
INSERT INTO "integer_value" VALUES(5,18,2005,3425004);
INSERT INTO "integer_value" VALUES(5,18,2006,3462231);
INSERT INTO "integer_value" VALUES(5,18,2007,3508725);
INSERT INTO "integer_value" VALUES(5,18,2008,3567749);
INSERT INTO "integer_value" VALUES(5,18,2009,3625853);
INSERT INTO "integer_value" VALUES(5,22,2010,800642);
INSERT INTO "integer_value" VALUES(6,15,2003,4981467);
INSERT INTO "integer_value" VALUES(6,15,2004,5048602);
INSERT INTO "integer_value" VALUES(6,15,2005,5085505);
INSERT INTO "integer_value" VALUES(6,15,2006,5170618);
INSERT INTO "integer_value" VALUES(6,15,2007,5268760);
INSERT INTO "integer_value" VALUES(6,15,2008,5381828);
INSERT INTO "integer_value" VALUES(6,15,2009,5496408);
INSERT INTO "integer_value" VALUES(6,17,2003,2458862);
INSERT INTO "integer_value" VALUES(6,17,2004,2493999);
INSERT INTO "integer_value" VALUES(6,17,2005,2512840);
INSERT INTO "integer_value" VALUES(6,17,2006,2558192);
INSERT INTO "integer_value" VALUES(6,17,2007,2609741);
INSERT INTO "integer_value" VALUES(6,17,2008,2668424);
INSERT INTO "integer_value" VALUES(6,17,2009,2726760);
INSERT INTO "integer_value" VALUES(6,18,2003,2522605);
INSERT INTO "integer_value" VALUES(6,18,2004,2554603);
INSERT INTO "integer_value" VALUES(6,18,2005,2572665);
INSERT INTO "integer_value" VALUES(6,18,2006,2612426);
INSERT INTO "integer_value" VALUES(6,18,2007,2659019);
INSERT INTO "integer_value" VALUES(6,18,2008,2713404);
INSERT INTO "integer_value" VALUES(6,18,2009,2769648);
INSERT INTO "integer_value" VALUES(6,22,2010,227416);
INSERT INTO "integer_value" VALUES(7,15,2003,3900910);
INSERT INTO "integer_value" VALUES(7,15,2004,3994858);
INSERT INTO "integer_value" VALUES(7,15,2005,4043814);
INSERT INTO "integer_value" VALUES(7,15,2006,4139685);
INSERT INTO "integer_value" VALUES(7,15,2007,4247043);
INSERT INTO "integer_value" VALUES(7,15,2008,4366397);
INSERT INTO "integer_value" VALUES(7,15,2009,4472957);
INSERT INTO "integer_value" VALUES(7,17,2003,1944603);
INSERT INTO "integer_value" VALUES(7,17,2004,1992313);
INSERT INTO "integer_value" VALUES(7,17,2005,2017563);
INSERT INTO "integer_value" VALUES(7,17,2006,2065991);
INSERT INTO "integer_value" VALUES(7,17,2007,2120286);
INSERT INTO "integer_value" VALUES(7,17,2008,2182262);
INSERT INTO "integer_value" VALUES(7,17,2009,2235490);
INSERT INTO "integer_value" VALUES(7,18,2003,1956307);
INSERT INTO "integer_value" VALUES(7,18,2004,2002545);
INSERT INTO "integer_value" VALUES(7,18,2005,2026251);
INSERT INTO "integer_value" VALUES(7,18,2006,2073694);
INSERT INTO "integer_value" VALUES(7,18,2007,2126757);
INSERT INTO "integer_value" VALUES(7,18,2008,2184135);
INSERT INTO "integer_value" VALUES(7,18,2009,2237467);
INSERT INTO "integer_value" VALUES(7,22,2010,1730648);
INSERT INTO "integer_value" VALUES(8,15,2003,327475);
INSERT INTO "integer_value" VALUES(8,15,2004,330164);
INSERT INTO "integer_value" VALUES(8,15,2005,332380);
INSERT INTO "integer_value" VALUES(8,15,2006,337077);
INSERT INTO "integer_value" VALUES(8,15,2007,342317);
INSERT INTO "integer_value" VALUES(8,15,2008,348506);
INSERT INTO "integer_value" VALUES(8,15,2009,354892);
INSERT INTO "integer_value" VALUES(8,17,2003,161770);
INSERT INTO "integer_value" VALUES(8,17,2004,163227);
INSERT INTO "integer_value" VALUES(8,17,2005,164292);
INSERT INTO "integer_value" VALUES(8,17,2006,166778);
INSERT INTO "integer_value" VALUES(8,17,2007,169455);
INSERT INTO "integer_value" VALUES(8,17,2008,172942);
INSERT INTO "integer_value" VALUES(8,17,2009,176329);
INSERT INTO "integer_value" VALUES(8,18,2003,165705);
INSERT INTO "integer_value" VALUES(8,18,2004,166937);
INSERT INTO "integer_value" VALUES(8,18,2005,168088);
INSERT INTO "integer_value" VALUES(8,18,2006,170299);
INSERT INTO "integer_value" VALUES(8,18,2007,172862);
INSERT INTO "integer_value" VALUES(8,18,2008,175564);
INSERT INTO "integer_value" VALUES(8,18,2009,178563);
INSERT INTO "integer_value" VALUES(8,22,2010,2358);
INSERT INTO "integer_value" VALUES(9,15,2003,482770);
INSERT INTO "integer_value" VALUES(9,15,2004,486327);
INSERT INTO "integer_value" VALUES(9,15,2005,488495);
INSERT INTO "integer_value" VALUES(9,15,2006,491783);
INSERT INTO "integer_value" VALUES(9,15,2007,495509);
INSERT INTO "integer_value" VALUES(9,15,2008,500935);
INSERT INTO "integer_value" VALUES(9,15,2009,505377);
INSERT INTO "integer_value" VALUES(9,17,2003,237963);
INSERT INTO "integer_value" VALUES(9,17,2004,239754);
INSERT INTO "integer_value" VALUES(9,17,2005,240819);
INSERT INTO "integer_value" VALUES(9,17,2006,242437);
INSERT INTO "integer_value" VALUES(9,17,2007,244414);
INSERT INTO "integer_value" VALUES(9,17,2008,247093);
INSERT INTO "integer_value" VALUES(9,17,2009,249315);
INSERT INTO "integer_value" VALUES(9,18,2003,244807);
INSERT INTO "integer_value" VALUES(9,18,2004,246573);
INSERT INTO "integer_value" VALUES(9,18,2005,247676);
INSERT INTO "integer_value" VALUES(9,18,2006,249346);
INSERT INTO "integer_value" VALUES(9,18,2007,251095);
INSERT INTO "integer_value" VALUES(9,18,2008,253842);
INSERT INTO "integer_value" VALUES(9,18,2009,256062);
INSERT INTO "integer_value" VALUES(9,22,2010,68401);
INSERT INTO "integer_value" VALUES(10,15,2003,1540434);
INSERT INTO "integer_value" VALUES(10,15,2004,1552514);
INSERT INTO "integer_value" VALUES(10,15,2005,1559372);
INSERT INTO "integer_value" VALUES(10,15,2006,1576491);
INSERT INTO "integer_value" VALUES(10,15,2007,1593743);
INSERT INTO "integer_value" VALUES(10,15,2008,1612625);
INSERT INTO "integer_value" VALUES(10,15,2009,1633853);
INSERT INTO "integer_value" VALUES(10,17,2003,760968);
INSERT INTO "integer_value" VALUES(10,17,2004,766684);
INSERT INTO "integer_value" VALUES(10,17,2005,769879);
INSERT INTO "integer_value" VALUES(10,17,2006,778211);
INSERT INTO "integer_value" VALUES(10,17,2007,786402);
INSERT INTO "integer_value" VALUES(10,17,2008,796178);
INSERT INTO "integer_value" VALUES(10,17,2009,807150);
INSERT INTO "integer_value" VALUES(10,18,2003,779466);
INSERT INTO "integer_value" VALUES(10,18,2004,785830);
INSERT INTO "integer_value" VALUES(10,18,2005,789493);
INSERT INTO "integer_value" VALUES(10,18,2006,798280);
INSERT INTO "integer_value" VALUES(10,18,2007,807341);
INSERT INTO "integer_value" VALUES(10,18,2008,816447);
INSERT INTO "integer_value" VALUES(10,18,2009,826703);
INSERT INTO "integer_value" VALUES(10,22,2010,983482);
INSERT INTO "integer_value" VALUES(11,15,2003,202063);
INSERT INTO "integer_value" VALUES(11,15,2004,206373);
INSERT INTO "integer_value" VALUES(11,15,2005,208407);
INSERT INTO "integer_value" VALUES(11,15,2006,212335);
INSERT INTO "integer_value" VALUES(11,15,2007,217473);
INSERT INTO "integer_value" VALUES(11,15,2008,222784);
INSERT INTO "integer_value" VALUES(11,15,2009,227716);
INSERT INTO "integer_value" VALUES(11,17,2003,105182);
INSERT INTO "integer_value" VALUES(11,17,2004,107140);
INSERT INTO "integer_value" VALUES(11,17,2005,108371);
INSERT INTO "integer_value" VALUES(11,17,2006,110116);
INSERT INTO "integer_value" VALUES(11,17,2007,112744);
INSERT INTO "integer_value" VALUES(11,17,2008,115505);
INSERT INTO "integer_value" VALUES(11,17,2009,118014);
INSERT INTO "integer_value" VALUES(11,18,2003,96881);
INSERT INTO "integer_value" VALUES(11,18,2004,99233);
INSERT INTO "integer_value" VALUES(11,18,2005,100036);
INSERT INTO "integer_value" VALUES(11,18,2006,102219);
INSERT INTO "integer_value" VALUES(11,18,2007,104729);
INSERT INTO "integer_value" VALUES(11,18,2008,107279);
INSERT INTO "integer_value" VALUES(11,18,2009,109702);
INSERT INTO "integer_value" VALUES(11,22,2010,1349129);
INSERT INTO "integer_value" VALUES(12,15,2003,1982637);
INSERT INTO "integer_value" VALUES(12,15,2004,2017088);
INSERT INTO "integer_value" VALUES(12,15,2005,2037272);
INSERT INTO "integer_value" VALUES(12,15,2006,2084733);
INSERT INTO "integer_value" VALUES(12,15,2007,2141057);
INSERT INTO "integer_value" VALUES(12,15,2008,2211608);
INSERT INTO "integer_value" VALUES(12,15,2009,2270276);
INSERT INTO "integer_value" VALUES(12,17,2003,996707);
INSERT INTO "integer_value" VALUES(12,17,2004,1015795);
INSERT INTO "integer_value" VALUES(12,17,2005,1026664);
INSERT INTO "integer_value" VALUES(12,17,2006,1052106);
INSERT INTO "integer_value" VALUES(12,17,2007,1082200);
INSERT INTO "integer_value" VALUES(12,17,2008,1120186);
INSERT INTO "integer_value" VALUES(12,17,2009,1150893);
INSERT INTO "integer_value" VALUES(12,18,2003,985930);
INSERT INTO "integer_value" VALUES(12,18,2004,1001293);
INSERT INTO "integer_value" VALUES(12,18,2005,1010608);
INSERT INTO "integer_value" VALUES(12,18,2006,1032627);
INSERT INTO "integer_value" VALUES(12,18,2007,1058857);
INSERT INTO "integer_value" VALUES(12,18,2008,1091422);
INSERT INTO "integer_value" VALUES(12,18,2009,1119383);
INSERT INTO "integer_value" VALUES(12,22,2010,2529875);
INSERT INTO "integer_value" VALUES(43,15,2000,1820813);
INSERT INTO "integer_value" VALUES(43,15,2001,1828809);
INSERT INTO "integer_value" VALUES(43,15,2002,1850035);
INSERT INTO "integer_value" VALUES(43,15,2003,1869683);
INSERT INTO "integer_value" VALUES(43,15,2004,1891829);
INSERT INTO "integer_value" VALUES(43,15,2005,1916538);
INSERT INTO "integer_value" VALUES(43,15,2006,1942608);
INSERT INTO "integer_value" VALUES(43,15,2007,1968731);
INSERT INTO "integer_value" VALUES(43,15,2008,1986763);
INSERT INTO "integer_value" VALUES(43,15,2009,2009671);
INSERT INTO "integer_value" VALUES(43,16,2000,1819041);
INSERT INTO "integer_value" VALUES(43,19,2010,121589);
INSERT INTO "integer_value" VALUES(43,20,2010,314915);
INSERT INTO "integer_value" VALUES(43,21,2010,121355);
INSERT INTO "integer_value" VALUES(43,22,2010,314309);
INSERT INTO "integer_value" VALUES(43,23,2010,233);
INSERT INTO "integer_value" VALUES(43,24,2010,606);
INSERT INTO "integer_value" VALUES(44,15,2000,8430921);
INSERT INTO "integer_value" VALUES(44,15,2001,8489469);
INSERT INTO "integer_value" VALUES(44,15,2002,8544115);
INSERT INTO "integer_value" VALUES(44,15,2003,8583481);
INSERT INTO "integer_value" VALUES(44,15,2004,8611530);
INSERT INTO "integer_value" VALUES(44,15,2005,8621837);
INSERT INTO "integer_value" VALUES(44,15,2006,8623721);
INSERT INTO "integer_value" VALUES(44,15,2007,8636043);
INSERT INTO "integer_value" VALUES(44,15,2008,8663398);
INSERT INTO "integer_value" VALUES(44,15,2009,8707739);
INSERT INTO "integer_value" VALUES(44,16,2000,8414378);
INSERT INTO "integer_value" VALUES(44,19,2010,8721);
INSERT INTO "integer_value" VALUES(44,20,2010,22588);
INSERT INTO "integer_value" VALUES(44,21,2010,7417);
INSERT INTO "integer_value" VALUES(44,22,2010,19211);
INSERT INTO "integer_value" VALUES(44,23,2010,1303);
INSERT INTO "integer_value" VALUES(44,24,2010,3377);
INSERT INTO "integer_value" VALUES(45,15,2000,1277211);
INSERT INTO "integer_value" VALUES(45,15,2001,1284791);
INSERT INTO "integer_value" VALUES(45,15,2002,1293938);
INSERT INTO "integer_value" VALUES(45,15,2003,1303102);
INSERT INTO "integer_value" VALUES(45,15,2004,1308253);
INSERT INTO "integer_value" VALUES(45,15,2005,1311631);
INSERT INTO "integer_value" VALUES(45,15,2006,1314963);
INSERT INTO "integer_value" VALUES(45,15,2007,1317308);
INSERT INTO "integer_value" VALUES(45,15,2008,1319691);
INSERT INTO "integer_value" VALUES(45,15,2009,1318301);
INSERT INTO "integer_value" VALUES(45,16,2000,1274915);
INSERT INTO "integer_value" VALUES(45,19,2010,35384);
INSERT INTO "integer_value" VALUES(45,20,2010,91646);
INSERT INTO "integer_value" VALUES(45,21,2010,30861);
INSERT INTO "integer_value" VALUES(45,22,2010,79931);
INSERT INTO "integer_value" VALUES(45,23,2010,4523);
INSERT INTO "integer_value" VALUES(45,24,2010,11715);
INSERT INTO "integer_value" VALUES(46,15,2000,33994571);
INSERT INTO "integer_value" VALUES(46,15,2001,34485623);
INSERT INTO "integer_value" VALUES(46,15,2002,34876194);
INSERT INTO "integer_value" VALUES(46,15,2003,35251107);
INSERT INTO "integer_value" VALUES(46,15,2004,35558419);
INSERT INTO "integer_value" VALUES(46,15,2005,35795255);
INSERT INTO "integer_value" VALUES(46,15,2006,35979208);
INSERT INTO "integer_value" VALUES(46,15,2007,36226122);
INSERT INTO "integer_value" VALUES(46,15,2008,36580371);
INSERT INTO "integer_value" VALUES(46,15,2009,36961664);
INSERT INTO "integer_value" VALUES(46,16,2000,33871648);
INSERT INTO "integer_value" VALUES(46,19,2010,163695);
INSERT INTO "integer_value" VALUES(46,20,2010,423970);
INSERT INTO "integer_value" VALUES(46,21,2010,155959);
INSERT INTO "integer_value" VALUES(46,22,2010,403933);
INSERT INTO "integer_value" VALUES(46,23,2010,7736);
INSERT INTO "integer_value" VALUES(46,24,2010,20037);
INSERT INTO "integer_value" VALUES(47,15,2000,4451849);
INSERT INTO "integer_value" VALUES(47,15,2001,4464034);
INSERT INTO "integer_value" VALUES(47,15,2002,4472420);
INSERT INTO "integer_value" VALUES(47,15,2003,4490591);
INSERT INTO "integer_value" VALUES(47,15,2004,4512190);
INSERT INTO "integer_value" VALUES(47,15,2005,4545049);
INSERT INTO "integer_value" VALUES(47,15,2006,4597688);
INSERT INTO "integer_value" VALUES(47,15,2007,4637904);
INSERT INTO "integer_value" VALUES(47,15,2008,4677464);
INSERT INTO "integer_value" VALUES(47,15,2009,4708708);
INSERT INTO "integer_value" VALUES(47,16,2000,4447382);
INSERT INTO "integer_value" VALUES(47,19,2010,52419);
INSERT INTO "integer_value" VALUES(47,20,2010,135765);
INSERT INTO "integer_value" VALUES(47,21,2010,50744);
INSERT INTO "integer_value" VALUES(47,22,2010,131426);
INSERT INTO "integer_value" VALUES(47,23,2010,1675);
INSERT INTO "integer_value" VALUES(47,24,2010,4338);
INSERT INTO "integer_value" VALUES(48,15,2000,627499);
INSERT INTO "integer_value" VALUES(48,15,2001,633316);
INSERT INTO "integer_value" VALUES(48,15,2002,642691);
INSERT INTO "integer_value" VALUES(48,15,2003,650884);
INSERT INTO "integer_value" VALUES(48,15,2004,661569);
INSERT INTO "integer_value" VALUES(48,15,2005,669488);
INSERT INTO "integer_value" VALUES(48,15,2006,677325);
INSERT INTO "integer_value" VALUES(48,15,2007,682297);
INSERT INTO "integer_value" VALUES(48,15,2008,688125);
INSERT INTO "integer_value" VALUES(48,15,2009,698473);
INSERT INTO "integer_value" VALUES(48,16,2000,626931);
INSERT INTO "integer_value" VALUES(48,19,2010,663267);
INSERT INTO "integer_value" VALUES(48,20,2010,1717854);
INSERT INTO "integer_value" VALUES(48,21,2010,571951);
INSERT INTO "integer_value" VALUES(48,22,2010,1481347);
INSERT INTO "integer_value" VALUES(48,23,2010,91316);
INSERT INTO "integer_value" VALUES(48,24,2010,236507);
INSERT INTO "integer_value" VALUES(49,15,2000,5166697);
INSERT INTO "integer_value" VALUES(49,15,2001,5304417);
INSERT INTO "integer_value" VALUES(49,15,2002,5452108);
INSERT INTO "integer_value" VALUES(49,15,2003,5591206);
INSERT INTO "integer_value" VALUES(49,15,2004,5759425);
INSERT INTO "integer_value" VALUES(49,15,2005,5974834);
INSERT INTO "integer_value" VALUES(49,15,2006,6192100);
INSERT INTO "integer_value" VALUES(49,15,2007,6362241);
INSERT INTO "integer_value" VALUES(49,15,2008,6499377);
INSERT INTO "integer_value" VALUES(49,15,2009,6595778);
INSERT INTO "integer_value" VALUES(49,16,2000,5130607);
INSERT INTO "integer_value" VALUES(49,19,2010,113998);
INSERT INTO "integer_value" VALUES(49,20,2010,295254);
INSERT INTO "integer_value" VALUES(49,21,2010,113634);
INSERT INTO "integer_value" VALUES(49,22,2010,294312);
INSERT INTO "integer_value" VALUES(49,23,2010,363);
INSERT INTO "integer_value" VALUES(49,24,2010,942);
INSERT INTO "integer_value" VALUES(50,15,2000,2678288);
INSERT INTO "integer_value" VALUES(50,15,2001,2691068);
INSERT INTO "integer_value" VALUES(50,15,2002,2704732);
INSERT INTO "integer_value" VALUES(50,15,2003,2722291);
INSERT INTO "integer_value" VALUES(50,15,2004,2746161);
INSERT INTO "integer_value" VALUES(50,15,2005,2776221);
INSERT INTO "integer_value" VALUES(50,15,2006,2815097);
INSERT INTO "integer_value" VALUES(50,15,2007,2842194);
INSERT INTO "integer_value" VALUES(50,15,2008,2867764);
INSERT INTO "integer_value" VALUES(50,15,2009,2889450);
INSERT INTO "integer_value" VALUES(50,16,2000,2673386);
INSERT INTO "integer_value" VALUES(50,19,2010,53178);
INSERT INTO "integer_value" VALUES(50,20,2010,137732);
INSERT INTO "integer_value" VALUES(50,21,2010,52068);
INSERT INTO "integer_value" VALUES(50,22,2010,134856);
INSERT INTO "integer_value" VALUES(50,23,2010,1110);
INSERT INTO "integer_value" VALUES(50,24,2010,2876);
INSERT INTO "integer_value" VALUES(51,15,2000,4328070);
INSERT INTO "integer_value" VALUES(51,15,2001,4433068);
INSERT INTO "integer_value" VALUES(51,15,2002,4504265);
INSERT INTO "integer_value" VALUES(51,15,2003,4548775);
INSERT INTO "integer_value" VALUES(51,15,2004,4599681);
INSERT INTO "integer_value" VALUES(51,15,2005,4660780);
INSERT INTO "integer_value" VALUES(51,15,2006,4753044);
INSERT INTO "integer_value" VALUES(51,15,2007,4842259);
INSERT INTO "integer_value" VALUES(51,15,2008,4935213);
INSERT INTO "integer_value" VALUES(51,15,2009,5024748);
INSERT INTO "integer_value" VALUES(51,16,2000,4302015);
INSERT INTO "integer_value" VALUES(51,19,2010,104093);
INSERT INTO "integer_value" VALUES(51,20,2010,269601);
INSERT INTO "integer_value" VALUES(51,21,2010,103717);
INSERT INTO "integer_value" VALUES(51,22,2010,268627);
INSERT INTO "integer_value" VALUES(51,23,2010,376);
INSERT INTO "integer_value" VALUES(51,24,2010,974);
INSERT INTO "integer_value" VALUES(52,15,2000,3411726);
INSERT INTO "integer_value" VALUES(52,15,2001,3428433);
INSERT INTO "integer_value" VALUES(52,15,2002,3448382);
INSERT INTO "integer_value" VALUES(52,15,2003,3467673);
INSERT INTO "integer_value" VALUES(52,15,2004,3474610);
INSERT INTO "integer_value" VALUES(52,15,2005,3477416);
INSERT INTO "integer_value" VALUES(52,15,2006,3485162);
INSERT INTO "integer_value" VALUES(52,15,2007,3488633);
INSERT INTO "integer_value" VALUES(52,15,2008,3502932);
INSERT INTO "integer_value" VALUES(52,15,2009,3518288);
INSERT INTO "integer_value" VALUES(52,16,2000,3405607);
INSERT INTO "integer_value" VALUES(52,19,2010,5543);
INSERT INTO "integer_value" VALUES(52,20,2010,14357);
INSERT INTO "integer_value" VALUES(52,21,2010,4844);
INSERT INTO "integer_value" VALUES(52,22,2010,12548);
INSERT INTO "integer_value" VALUES(52,23,2010,698);
INSERT INTO "integer_value" VALUES(52,24,2010,1809);
INSERT INTO "integer_value" VALUES(53,15,2000,786411);
INSERT INTO "integer_value" VALUES(53,15,2001,794620);
INSERT INTO "integer_value" VALUES(53,15,2002,804131);
INSERT INTO "integer_value" VALUES(53,15,2003,814905);
INSERT INTO "integer_value" VALUES(53,15,2004,826639);
INSERT INTO "integer_value" VALUES(53,15,2005,839906);
INSERT INTO "integer_value" VALUES(53,15,2006,853022);
INSERT INTO "integer_value" VALUES(53,15,2007,864896);
INSERT INTO "integer_value" VALUES(53,15,2008,876211);
INSERT INTO "integer_value" VALUES(53,15,2009,885122);
INSERT INTO "integer_value" VALUES(53,16,2000,783557);
INSERT INTO "integer_value" VALUES(53,19,2010,2489);
INSERT INTO "integer_value" VALUES(53,20,2010,6447);
INSERT INTO "integer_value" VALUES(53,21,2010,1953);
INSERT INTO "integer_value" VALUES(53,22,2010,5060);
INSERT INTO "integer_value" VALUES(53,23,2010,535);
INSERT INTO "integer_value" VALUES(53,24,2010,1387);
INSERT INTO "integer_value" VALUES(54,15,2000,571744);
INSERT INTO "integer_value" VALUES(54,15,2001,578042);
INSERT INTO "integer_value" VALUES(54,15,2002,579585);
INSERT INTO "integer_value" VALUES(54,15,2003,577777);
INSERT INTO "integer_value" VALUES(54,15,2004,579796);
INSERT INTO "integer_value" VALUES(54,15,2005,582049);
INSERT INTO "integer_value" VALUES(54,15,2006,583978);
INSERT INTO "integer_value" VALUES(54,15,2007,586409);
INSERT INTO "integer_value" VALUES(54,15,2008,590074);
INSERT INTO "integer_value" VALUES(54,15,2009,599657);
INSERT INTO "integer_value" VALUES(54,16,2000,572055);
INSERT INTO "integer_value" VALUES(54,19,2010,68);
INSERT INTO "integer_value" VALUES(54,20,2010,177);
INSERT INTO "integer_value" VALUES(54,21,2010,61);
INSERT INTO "integer_value" VALUES(54,22,2010,159);
INSERT INTO "integer_value" VALUES(54,23,2010,6);
INSERT INTO "integer_value" VALUES(54,24,2010,18);
INSERT INTO "integer_value" VALUES(55,15,2000,16047118);
INSERT INTO "integer_value" VALUES(55,15,2001,16353869);
INSERT INTO "integer_value" VALUES(55,15,2002,16680309);
INSERT INTO "integer_value" VALUES(55,15,2003,16981183);
INSERT INTO "integer_value" VALUES(55,15,2004,17375259);
INSERT INTO "integer_value" VALUES(55,15,2005,17783868);
INSERT INTO "integer_value" VALUES(55,15,2006,18088505);
INSERT INTO "integer_value" VALUES(55,15,2007,18277888);
INSERT INTO "integer_value" VALUES(55,15,2008,18423878);
INSERT INTO "integer_value" VALUES(55,15,2009,18537969);
INSERT INTO "integer_value" VALUES(55,16,2000,15982839);
INSERT INTO "integer_value" VALUES(55,19,2010,65754);
INSERT INTO "integer_value" VALUES(55,20,2010,170304);
INSERT INTO "integer_value" VALUES(55,21,2010,53926);
INSERT INTO "integer_value" VALUES(55,22,2010,139670);
INSERT INTO "integer_value" VALUES(55,23,2010,11827);
INSERT INTO "integer_value" VALUES(55,24,2010,30634);
INSERT INTO "integer_value" VALUES(56,15,2000,8230161);
INSERT INTO "integer_value" VALUES(56,15,2001,8419594);
INSERT INTO "integer_value" VALUES(56,15,2002,8585535);
INSERT INTO "integer_value" VALUES(56,15,2003,8735259);
INSERT INTO "integer_value" VALUES(56,15,2004,8913676);
INSERT INTO "integer_value" VALUES(56,15,2005,9097428);
INSERT INTO "integer_value" VALUES(56,15,2006,9330086);
INSERT INTO "integer_value" VALUES(56,15,2007,9533761);
INSERT INTO "integer_value" VALUES(56,15,2008,9697838);
INSERT INTO "integer_value" VALUES(56,15,2009,9829211);
INSERT INTO "integer_value" VALUES(56,16,2000,8186781);
INSERT INTO "integer_value" VALUES(56,19,2010,59424);
INSERT INTO "integer_value" VALUES(56,20,2010,153909);
INSERT INTO "integer_value" VALUES(56,21,2010,57906);
INSERT INTO "integer_value" VALUES(56,22,2010,149976);
INSERT INTO "integer_value" VALUES(56,23,2010,1518);
INSERT INTO "integer_value" VALUES(56,24,2010,3933);
INSERT INTO "integer_value" VALUES(57,15,2000,1211566);
INSERT INTO "integer_value" VALUES(57,15,2001,1218305);
INSERT INTO "integer_value" VALUES(57,15,2002,1228069);
INSERT INTO "integer_value" VALUES(57,15,2003,1239298);
INSERT INTO "integer_value" VALUES(57,15,2004,1252782);
INSERT INTO "integer_value" VALUES(57,15,2005,1266117);
INSERT INTO "integer_value" VALUES(57,15,2006,1275599);
INSERT INTO "integer_value" VALUES(57,15,2007,1276832);
INSERT INTO "integer_value" VALUES(57,15,2008,1287481);
INSERT INTO "integer_value" VALUES(57,15,2009,1295178);
INSERT INTO "integer_value" VALUES(57,16,2000,1211538);
INSERT INTO "integer_value" VALUES(57,19,2010,10930);
INSERT INTO "integer_value" VALUES(57,20,2010,28311);
INSERT INTO "integer_value" VALUES(57,21,2010,6422);
INSERT INTO "integer_value" VALUES(57,22,2010,16635);
INSERT INTO "integer_value" VALUES(57,23,2010,4508);
INSERT INTO "integer_value" VALUES(57,24,2010,11677);
INSERT INTO "integer_value" VALUES(58,15,2000,1299551);
INSERT INTO "integer_value" VALUES(58,15,2001,1321170);
INSERT INTO "integer_value" VALUES(58,15,2002,1342149);
INSERT INTO "integer_value" VALUES(58,15,2003,1364109);
INSERT INTO "integer_value" VALUES(58,15,2004,1391718);
INSERT INTO "integer_value" VALUES(58,15,2005,1425862);
INSERT INTO "integer_value" VALUES(58,15,2006,1464413);
INSERT INTO "integer_value" VALUES(58,15,2007,1499245);
INSERT INTO "integer_value" VALUES(58,15,2008,1527506);
INSERT INTO "integer_value" VALUES(58,15,2009,1545801);
INSERT INTO "integer_value" VALUES(58,16,2000,1293955);
INSERT INTO "integer_value" VALUES(58,19,2010,83570);
INSERT INTO "integer_value" VALUES(58,20,2010,216446);
INSERT INTO "integer_value" VALUES(58,21,2010,82747);
INSERT INTO "integer_value" VALUES(58,22,2010,214314);
INSERT INTO "integer_value" VALUES(58,23,2010,822);
INSERT INTO "integer_value" VALUES(58,24,2010,2131);
INSERT INTO "integer_value" VALUES(59,15,2000,12437645);
INSERT INTO "integer_value" VALUES(59,15,2001,12507833);
INSERT INTO "integer_value" VALUES(59,15,2002,12558229);
INSERT INTO "integer_value" VALUES(59,15,2003,12597981);
INSERT INTO "integer_value" VALUES(59,15,2004,12645295);
INSERT INTO "integer_value" VALUES(59,15,2005,12674452);
INSERT INTO "integer_value" VALUES(59,15,2006,12718011);
INSERT INTO "integer_value" VALUES(59,15,2007,12779417);
INSERT INTO "integer_value" VALUES(59,15,2008,12842954);
INSERT INTO "integer_value" VALUES(59,15,2009,12910409);
INSERT INTO "integer_value" VALUES(59,16,2000,12419658);
INSERT INTO "integer_value" VALUES(59,19,2010,57914);
INSERT INTO "integer_value" VALUES(59,20,2010,149998);
INSERT INTO "integer_value" VALUES(59,21,2010,55583);
INSERT INTO "integer_value" VALUES(59,22,2010,143961);
INSERT INTO "integer_value" VALUES(59,23,2010,2330);
INSERT INTO "integer_value" VALUES(59,24,2010,6037);
INSERT INTO "integer_value" VALUES(60,15,2000,6091649);
INSERT INTO "integer_value" VALUES(60,15,2001,6124967);
INSERT INTO "integer_value" VALUES(60,15,2002,6149007);
INSERT INTO "integer_value" VALUES(60,15,2003,6181789);
INSERT INTO "integer_value" VALUES(60,15,2004,6214454);
INSERT INTO "integer_value" VALUES(60,15,2005,6253120);
INSERT INTO "integer_value" VALUES(60,15,2006,6301700);
INSERT INTO "integer_value" VALUES(60,15,2007,6346113);
INSERT INTO "integer_value" VALUES(60,15,2008,6388309);
INSERT INTO "integer_value" VALUES(60,15,2009,6423113);
INSERT INTO "integer_value" VALUES(60,16,2000,6080520);
INSERT INTO "integer_value" VALUES(60,19,2010,36417);
INSERT INTO "integer_value" VALUES(60,20,2010,94321);
INSERT INTO "integer_value" VALUES(60,21,2010,35866);
INSERT INTO "integer_value" VALUES(60,22,2010,92895);
INSERT INTO "integer_value" VALUES(60,23,2010,550);
INSERT INTO "integer_value" VALUES(60,24,2010,1427);
INSERT INTO "integer_value" VALUES(61,15,2000,2928184);
INSERT INTO "integer_value" VALUES(61,15,2001,2929424);
INSERT INTO "integer_value" VALUES(61,15,2002,2929264);
INSERT INTO "integer_value" VALUES(61,15,2003,2932799);
INSERT INTO "integer_value" VALUES(61,15,2004,2941358);
INSERT INTO "integer_value" VALUES(61,15,2005,2949450);
INSERT INTO "integer_value" VALUES(61,15,2006,2964391);
INSERT INTO "integer_value" VALUES(61,15,2007,2978719);
INSERT INTO "integer_value" VALUES(61,15,2008,2993987);
INSERT INTO "integer_value" VALUES(61,15,2009,3007856);
INSERT INTO "integer_value" VALUES(61,16,2000,2926380);
INSERT INTO "integer_value" VALUES(61,19,2010,56271);
INSERT INTO "integer_value" VALUES(61,20,2010,145743);
INSERT INTO "integer_value" VALUES(61,21,2010,55869);
INSERT INTO "integer_value" VALUES(61,22,2010,144701);
INSERT INTO "integer_value" VALUES(61,23,2010,402);
INSERT INTO "integer_value" VALUES(61,24,2010,1042);
INSERT INTO "integer_value" VALUES(62,15,2000,2692810);
INSERT INTO "integer_value" VALUES(62,15,2001,2701456);
INSERT INTO "integer_value" VALUES(62,15,2002,2712598);
INSERT INTO "integer_value" VALUES(62,15,2003,2721955);
INSERT INTO "integer_value" VALUES(62,15,2004,2730765);
INSERT INTO "integer_value" VALUES(62,15,2005,2741771);
INSERT INTO "integer_value" VALUES(62,15,2006,2755700);
INSERT INTO "integer_value" VALUES(62,15,2007,2775586);
INSERT INTO "integer_value" VALUES(62,15,2008,2797375);
INSERT INTO "integer_value" VALUES(62,15,2009,2818747);
INSERT INTO "integer_value" VALUES(62,16,2000,2688811);
INSERT INTO "integer_value" VALUES(62,19,2010,82276);
INSERT INTO "integer_value" VALUES(62,20,2010,213096);
INSERT INTO "integer_value" VALUES(62,21,2010,81814);
INSERT INTO "integer_value" VALUES(62,22,2010,211900);
INSERT INTO "integer_value" VALUES(62,23,2010,461);
INSERT INTO "integer_value" VALUES(62,24,2010,1196);
INSERT INTO "integer_value" VALUES(63,15,2000,4048903);
INSERT INTO "integer_value" VALUES(63,15,2001,4069191);
INSERT INTO "integer_value" VALUES(63,15,2002,4091330);
INSERT INTO "integer_value" VALUES(63,15,2003,4118627);
INSERT INTO "integer_value" VALUES(63,15,2004,4147970);
INSERT INTO "integer_value" VALUES(63,15,2005,4182293);
INSERT INTO "integer_value" VALUES(63,15,2006,4219374);
INSERT INTO "integer_value" VALUES(63,15,2007,4256278);
INSERT INTO "integer_value" VALUES(63,15,2008,4287931);
INSERT INTO "integer_value" VALUES(63,15,2009,4314113);
INSERT INTO "integer_value" VALUES(63,16,2000,4042288);
INSERT INTO "integer_value" VALUES(63,19,2010,40409);
INSERT INTO "integer_value" VALUES(63,20,2010,104659);
INSERT INTO "integer_value" VALUES(63,21,2010,39728);
INSERT INTO "integer_value" VALUES(63,22,2010,102896);
INSERT INTO "integer_value" VALUES(63,23,2010,680);
INSERT INTO "integer_value" VALUES(63,24,2010,1763);
INSERT INTO "integer_value" VALUES(64,15,2000,4468979);
INSERT INTO "integer_value" VALUES(64,15,2001,4460816);
INSERT INTO "integer_value" VALUES(64,15,2002,4466068);
INSERT INTO "integer_value" VALUES(64,15,2003,4474726);
INSERT INTO "integer_value" VALUES(64,15,2004,4489327);
INSERT INTO "integer_value" VALUES(64,15,2005,4497691);
INSERT INTO "integer_value" VALUES(64,15,2006,4240327);
INSERT INTO "integer_value" VALUES(64,15,2007,4376122);
INSERT INTO "integer_value" VALUES(64,15,2008,4451513);
INSERT INTO "integer_value" VALUES(64,15,2009,4492076);
INSERT INTO "integer_value" VALUES(64,16,2000,4468972);
INSERT INTO "integer_value" VALUES(64,19,2010,51839);
INSERT INTO "integer_value" VALUES(64,20,2010,134264);
INSERT INTO "integer_value" VALUES(64,21,2010,43561);
INSERT INTO "integer_value" VALUES(64,22,2010,112825);
INSERT INTO "integer_value" VALUES(64,23,2010,8277);
INSERT INTO "integer_value" VALUES(64,24,2010,21440);
INSERT INTO "integer_value" VALUES(65,15,2000,5310579);
INSERT INTO "integer_value" VALUES(65,15,2001,5375033);
INSERT INTO "integer_value" VALUES(65,15,2002,5439913);
INSERT INTO "integer_value" VALUES(65,15,2003,5496708);
INSERT INTO "integer_value" VALUES(65,15,2004,5542659);
INSERT INTO "integer_value" VALUES(65,15,2005,5582520);
INSERT INTO "integer_value" VALUES(65,15,2006,5612196);
INSERT INTO "integer_value" VALUES(65,15,2007,5634242);
INSERT INTO "integer_value" VALUES(65,15,2008,5658655);
INSERT INTO "integer_value" VALUES(65,15,2009,5699478);
INSERT INTO "integer_value" VALUES(65,16,2000,5296544);
INSERT INTO "integer_value" VALUES(65,19,2010,12406);
INSERT INTO "integer_value" VALUES(65,20,2010,32133);
INSERT INTO "integer_value" VALUES(65,21,2010,9773);
INSERT INTO "integer_value" VALUES(65,22,2010,25314);
INSERT INTO "integer_value" VALUES(65,23,2010,2632);
INSERT INTO "integer_value" VALUES(65,24,2010,6819);
INSERT INTO "integer_value" VALUES(66,15,2000,6363015);
INSERT INTO "integer_value" VALUES(66,15,2001,6411730);
INSERT INTO "integer_value" VALUES(66,15,2002,6440978);
INSERT INTO "integer_value" VALUES(66,15,2003,6451637);
INSERT INTO "integer_value" VALUES(66,15,2004,6451279);
INSERT INTO "integer_value" VALUES(66,15,2005,6453031);
INSERT INTO "integer_value" VALUES(66,15,2006,6466399);
INSERT INTO "integer_value" VALUES(66,15,2007,6499275);
INSERT INTO "integer_value" VALUES(66,15,2008,6543595);
INSERT INTO "integer_value" VALUES(66,15,2009,6593587);
INSERT INTO "integer_value" VALUES(66,16,2000,6349119);
INSERT INTO "integer_value" VALUES(66,19,2010,10554);
INSERT INTO "integer_value" VALUES(66,20,2010,27336);
INSERT INTO "integer_value" VALUES(66,21,2010,7840);
INSERT INTO "integer_value" VALUES(66,22,2010,20306);
INSERT INTO "integer_value" VALUES(66,23,2010,2714);
INSERT INTO "integer_value" VALUES(66,24,2010,7031);
INSERT INTO "integer_value" VALUES(67,15,2000,9955308);
INSERT INTO "integer_value" VALUES(67,15,2001,10006093);
INSERT INTO "integer_value" VALUES(67,15,2002,10038767);
INSERT INTO "integer_value" VALUES(67,15,2003,10066351);
INSERT INTO "integer_value" VALUES(67,15,2004,10089305);
INSERT INTO "integer_value" VALUES(67,15,2005,10090554);
INSERT INTO "integer_value" VALUES(67,15,2006,10082438);
INSERT INTO "integer_value" VALUES(67,15,2007,10050847);
INSERT INTO "integer_value" VALUES(67,15,2008,10002486);
INSERT INTO "integer_value" VALUES(67,15,2009,9969727);
INSERT INTO "integer_value" VALUES(67,16,2000,9938492);
INSERT INTO "integer_value" VALUES(67,19,2010,96716);
INSERT INTO "integer_value" VALUES(67,20,2010,250494);
INSERT INTO "integer_value" VALUES(67,21,2010,56803);
INSERT INTO "integer_value" VALUES(67,22,2010,147121);
INSERT INTO "integer_value" VALUES(67,23,2010,39912);
INSERT INTO "integer_value" VALUES(67,24,2010,103372);
INSERT INTO "integer_value" VALUES(68,15,2000,4933958);
INSERT INTO "integer_value" VALUES(68,15,2001,4982813);
INSERT INTO "integer_value" VALUES(68,15,2002,5017458);
INSERT INTO "integer_value" VALUES(68,15,2003,5047862);
INSERT INTO "integer_value" VALUES(68,15,2004,5079344);
INSERT INTO "integer_value" VALUES(68,15,2005,5106560);
INSERT INTO "integer_value" VALUES(68,15,2006,5148346);
INSERT INTO "integer_value" VALUES(68,15,2007,5191206);
INSERT INTO "integer_value" VALUES(68,15,2008,5230567);
INSERT INTO "integer_value" VALUES(68,15,2009,5266214);
INSERT INTO "integer_value" VALUES(68,16,2000,4919492);
INSERT INTO "integer_value" VALUES(68,19,2010,86938);
INSERT INTO "integer_value" VALUES(68,20,2010,225171);
INSERT INTO "integer_value" VALUES(68,21,2010,79610);
INSERT INTO "integer_value" VALUES(68,22,2010,206189);
INSERT INTO "integer_value" VALUES(68,23,2010,7328);
INSERT INTO "integer_value" VALUES(68,24,2010,18981);
INSERT INTO "integer_value" VALUES(69,15,2000,2848310);
INSERT INTO "integer_value" VALUES(69,15,2001,2853313);
INSERT INTO "integer_value" VALUES(69,15,2002,2858643);
INSERT INTO "integer_value" VALUES(69,15,2003,2867678);
INSERT INTO "integer_value" VALUES(69,15,2004,2886006);
INSERT INTO "integer_value" VALUES(69,15,2005,2900116);
INSERT INTO "integer_value" VALUES(69,15,2006,2897150);
INSERT INTO "integer_value" VALUES(69,15,2007,2921723);
INSERT INTO "integer_value" VALUES(69,15,2008,2940212);
INSERT INTO "integer_value" VALUES(69,15,2009,2951996);
INSERT INTO "integer_value" VALUES(69,16,2000,2844666);
INSERT INTO "integer_value" VALUES(69,19,2010,48430);
INSERT INTO "integer_value" VALUES(69,20,2010,125434);
INSERT INTO "integer_value" VALUES(69,21,2010,46906);
INSERT INTO "integer_value" VALUES(69,22,2010,121488);
INSERT INTO "integer_value" VALUES(69,23,2010,1523);
INSERT INTO "integer_value" VALUES(69,24,2010,3945);
INSERT INTO "integer_value" VALUES(70,15,2000,5606065);
INSERT INTO "integer_value" VALUES(70,15,2001,5643986);
INSERT INTO "integer_value" VALUES(70,15,2002,5680852);
INSERT INTO "integer_value" VALUES(70,15,2003,5714847);
INSERT INTO "integer_value" VALUES(70,15,2004,5758444);
INSERT INTO "integer_value" VALUES(70,15,2005,5806639);
INSERT INTO "integer_value" VALUES(70,15,2006,5861572);
INSERT INTO "integer_value" VALUES(70,15,2007,5909824);
INSERT INTO "integer_value" VALUES(70,15,2008,5956335);
INSERT INTO "integer_value" VALUES(70,15,2009,5987580);
INSERT INTO "integer_value" VALUES(70,16,2000,5596684);
INSERT INTO "integer_value" VALUES(70,19,2010,69704);
INSERT INTO "integer_value" VALUES(70,20,2010,180533);
INSERT INTO "integer_value" VALUES(70,21,2010,68885);
INSERT INTO "integer_value" VALUES(70,22,2010,178414);
INSERT INTO "integer_value" VALUES(70,23,2010,818);
INSERT INTO "integer_value" VALUES(70,24,2010,2120);
INSERT INTO "integer_value" VALUES(71,15,2000,903293);
INSERT INTO "integer_value" VALUES(71,15,2001,905873);
INSERT INTO "integer_value" VALUES(71,15,2002,909868);
INSERT INTO "integer_value" VALUES(71,15,2003,916750);
INSERT INTO "integer_value" VALUES(71,15,2004,925887);
INSERT INTO "integer_value" VALUES(71,15,2005,934801);
INSERT INTO "integer_value" VALUES(71,15,2006,946230);
INSERT INTO "integer_value" VALUES(71,15,2007,957225);
INSERT INTO "integer_value" VALUES(71,15,2008,968035);
INSERT INTO "integer_value" VALUES(71,15,2009,974989);
INSERT INTO "integer_value" VALUES(71,16,2000,902190);
INSERT INTO "integer_value" VALUES(71,19,2010,147042);
INSERT INTO "integer_value" VALUES(71,20,2010,380838);
INSERT INTO "integer_value" VALUES(71,21,2010,145552);
INSERT INTO "integer_value" VALUES(71,22,2010,376979);
INSERT INTO "integer_value" VALUES(71,23,2010,1489);
INSERT INTO "integer_value" VALUES(71,24,2010,3859);
INSERT INTO "integer_value" VALUES(72,15,2000,1713345);
INSERT INTO "integer_value" VALUES(72,15,2001,1717948);
INSERT INTO "integer_value" VALUES(72,15,2002,1725083);
INSERT INTO "integer_value" VALUES(72,15,2003,1733680);
INSERT INTO "integer_value" VALUES(72,15,2004,1742184);
INSERT INTO "integer_value" VALUES(72,15,2005,1751721);
INSERT INTO "integer_value" VALUES(72,15,2006,1760435);
INSERT INTO "integer_value" VALUES(72,15,2007,1769912);
INSERT INTO "integer_value" VALUES(72,15,2008,1781949);
INSERT INTO "integer_value" VALUES(72,15,2009,1796619);
INSERT INTO "integer_value" VALUES(72,16,2000,1711265);
INSERT INTO "integer_value" VALUES(72,19,2010,77353);
INSERT INTO "integer_value" VALUES(72,20,2010,200345);
INSERT INTO "integer_value" VALUES(72,21,2010,76872);
INSERT INTO "integer_value" VALUES(72,22,2010,199099);
INSERT INTO "integer_value" VALUES(72,23,2010,481);
INSERT INTO "integer_value" VALUES(72,24,2010,1247);
INSERT INTO "integer_value" VALUES(73,15,2000,2018211);
INSERT INTO "integer_value" VALUES(73,15,2001,2094509);
INSERT INTO "integer_value" VALUES(73,15,2002,2166214);
INSERT INTO "integer_value" VALUES(73,15,2003,2236949);
INSERT INTO "integer_value" VALUES(73,15,2004,2328703);
INSERT INTO "integer_value" VALUES(73,15,2005,2408804);
INSERT INTO "integer_value" VALUES(73,15,2006,2493405);
INSERT INTO "integer_value" VALUES(73,15,2007,2567752);
INSERT INTO "integer_value" VALUES(73,15,2008,2615772);
INSERT INTO "integer_value" VALUES(73,15,2009,2643085);
INSERT INTO "integer_value" VALUES(73,16,2000,1998260);
INSERT INTO "integer_value" VALUES(73,19,2010,110560);
INSERT INTO "integer_value" VALUES(73,20,2010,286351);
INSERT INTO "integer_value" VALUES(73,21,2010,109825);
INSERT INTO "integer_value" VALUES(73,22,2010,284448);
INSERT INTO "integer_value" VALUES(73,23,2010,734);
INSERT INTO "integer_value" VALUES(73,24,2010,1903);
INSERT INTO "integer_value" VALUES(74,15,2000,1240446);
INSERT INTO "integer_value" VALUES(74,15,2001,1256879);
INSERT INTO "integer_value" VALUES(74,15,2002,1271163);
INSERT INTO "integer_value" VALUES(74,15,2003,1281871);
INSERT INTO "integer_value" VALUES(74,15,2004,1292766);
INSERT INTO "integer_value" VALUES(74,15,2005,1301415);
INSERT INTO "integer_value" VALUES(74,15,2006,1311894);
INSERT INTO "integer_value" VALUES(74,15,2007,1317343);
INSERT INTO "integer_value" VALUES(74,15,2008,1321872);
INSERT INTO "integer_value" VALUES(74,15,2009,1324575);
INSERT INTO "integer_value" VALUES(74,16,2000,1235791);
INSERT INTO "integer_value" VALUES(74,19,2010,9349);
INSERT INTO "integer_value" VALUES(74,20,2010,24216);
INSERT INTO "integer_value" VALUES(74,21,2010,8968);
INSERT INTO "integer_value" VALUES(74,22,2010,23227);
INSERT INTO "integer_value" VALUES(74,23,2010,381);
INSERT INTO "integer_value" VALUES(74,24,2010,989);
INSERT INTO "integer_value" VALUES(75,15,2000,18998044);
INSERT INTO "integer_value" VALUES(75,15,2001,19088978);
INSERT INTO "integer_value" VALUES(75,15,2002,19161873);
INSERT INTO "integer_value" VALUES(75,15,2003,19231101);
INSERT INTO "integer_value" VALUES(75,15,2004,19297933);
INSERT INTO "integer_value" VALUES(75,15,2005,19330891);
INSERT INTO "integer_value" VALUES(75,15,2006,19356564);
INSERT INTO "integer_value" VALUES(75,15,2007,19422777);
INSERT INTO "integer_value" VALUES(75,15,2008,19467789);
INSERT INTO "integer_value" VALUES(75,15,2009,19541453);
INSERT INTO "integer_value" VALUES(75,16,2000,18976811);
INSERT INTO "integer_value" VALUES(75,19,2010,54556);
INSERT INTO "integer_value" VALUES(75,20,2010,141299);
INSERT INTO "integer_value" VALUES(75,21,2010,47213);
INSERT INTO "integer_value" VALUES(75,22,2010,122283);
INSERT INTO "integer_value" VALUES(75,23,2010,7342);
INSERT INTO "integer_value" VALUES(75,24,2010,19016);
INSERT INTO "integer_value" VALUES(76,15,2000,8079383);
INSERT INTO "integer_value" VALUES(76,15,2001,8203451);
INSERT INTO "integer_value" VALUES(76,15,2002,8316617);
INSERT INTO "integer_value" VALUES(76,15,2003,8416451);
INSERT INTO "integer_value" VALUES(76,15,2004,8531283);
INSERT INTO "integer_value" VALUES(76,15,2005,8669452);
INSERT INTO "integer_value" VALUES(76,15,2006,8866977);
INSERT INTO "integer_value" VALUES(76,15,2007,9064074);
INSERT INTO "integer_value" VALUES(76,15,2008,9247134);
INSERT INTO "integer_value" VALUES(76,15,2009,9380884);
INSERT INTO "integer_value" VALUES(76,16,2000,8046406);
INSERT INTO "integer_value" VALUES(76,19,2010,53818);
INSERT INTO "integer_value" VALUES(76,20,2010,139389);
INSERT INTO "integer_value" VALUES(76,21,2010,48710);
INSERT INTO "integer_value" VALUES(76,22,2010,126161);
INSERT INTO "integer_value" VALUES(76,23,2010,5107);
INSERT INTO "integer_value" VALUES(76,24,2010,13229);
INSERT INTO "integer_value" VALUES(77,15,2000,641200);
INSERT INTO "integer_value" VALUES(77,15,2001,636267);
INSERT INTO "integer_value" VALUES(77,15,2002,633617);
INSERT INTO "integer_value" VALUES(77,15,2003,632809);
INSERT INTO "integer_value" VALUES(77,15,2004,636303);
INSERT INTO "integer_value" VALUES(77,15,2005,635365);
INSERT INTO "integer_value" VALUES(77,15,2006,636771);
INSERT INTO "integer_value" VALUES(77,15,2007,638202);
INSERT INTO "integer_value" VALUES(77,15,2008,641421);
INSERT INTO "integer_value" VALUES(77,15,2009,646844);
INSERT INTO "integer_value" VALUES(77,16,2000,642195);
INSERT INTO "integer_value" VALUES(77,19,2010,70699);
INSERT INTO "integer_value" VALUES(77,20,2010,183112);
INSERT INTO "integer_value" VALUES(77,21,2010,68975);
INSERT INTO "integer_value" VALUES(77,22,2010,178647);
INSERT INTO "integer_value" VALUES(77,23,2010,1723);
INSERT INTO "integer_value" VALUES(77,24,2010,4465);
INSERT INTO "integer_value" VALUES(78,15,2000,11363844);
INSERT INTO "integer_value" VALUES(78,15,2001,11396874);
INSERT INTO "integer_value" VALUES(78,15,2002,11420981);
INSERT INTO "integer_value" VALUES(78,15,2003,11445180);
INSERT INTO "integer_value" VALUES(78,15,2004,11464593);
INSERT INTO "integer_value" VALUES(78,15,2005,11475262);
INSERT INTO "integer_value" VALUES(78,15,2006,11492495);
INSERT INTO "integer_value" VALUES(78,15,2007,11520815);
INSERT INTO "integer_value" VALUES(78,15,2008,11528072);
INSERT INTO "integer_value" VALUES(78,15,2009,11542645);
INSERT INTO "integer_value" VALUES(78,16,2000,11353150);
INSERT INTO "integer_value" VALUES(78,19,2010,44824);
INSERT INTO "integer_value" VALUES(78,20,2010,116096);
INSERT INTO "integer_value" VALUES(78,21,2010,40948);
INSERT INTO "integer_value" VALUES(78,22,2010,106056);
INSERT INTO "integer_value" VALUES(78,23,2010,3876);
INSERT INTO "integer_value" VALUES(78,24,2010,10040);
INSERT INTO "integer_value" VALUES(79,15,2000,3453943);
INSERT INTO "integer_value" VALUES(79,15,2001,3464729);
INSERT INTO "integer_value" VALUES(79,15,2002,3484754);
INSERT INTO "integer_value" VALUES(79,15,2003,3498687);
INSERT INTO "integer_value" VALUES(79,15,2004,3514449);
INSERT INTO "integer_value" VALUES(79,15,2005,3532769);
INSERT INTO "integer_value" VALUES(79,15,2006,3574334);
INSERT INTO "integer_value" VALUES(79,15,2007,3612186);
INSERT INTO "integer_value" VALUES(79,15,2008,3644025);
INSERT INTO "integer_value" VALUES(79,15,2009,3687050);
INSERT INTO "integer_value" VALUES(79,16,2000,3450638);
INSERT INTO "integer_value" VALUES(79,19,2010,69898);
INSERT INTO "integer_value" VALUES(79,20,2010,181035);
INSERT INTO "integer_value" VALUES(79,21,2010,68667);
INSERT INTO "integer_value" VALUES(79,22,2010,177847);
INSERT INTO "integer_value" VALUES(79,23,2010,1231);
INSERT INTO "integer_value" VALUES(79,24,2010,3189);
INSERT INTO "integer_value" VALUES(80,15,2000,3430891);
INSERT INTO "integer_value" VALUES(80,15,2001,3470382);
INSERT INTO "integer_value" VALUES(80,15,2002,3517111);
INSERT INTO "integer_value" VALUES(80,15,2003,3550180);
INSERT INTO "integer_value" VALUES(80,15,2004,3573505);
INSERT INTO "integer_value" VALUES(80,15,2005,3617869);
INSERT INTO "integer_value" VALUES(80,15,2006,3677545);
INSERT INTO "integer_value" VALUES(80,15,2007,3732957);
INSERT INTO "integer_value" VALUES(80,15,2008,3782991);
INSERT INTO "integer_value" VALUES(80,15,2009,3825657);
INSERT INTO "integer_value" VALUES(80,16,2000,3421437);
INSERT INTO "integer_value" VALUES(80,19,2010,98380);
INSERT INTO "integer_value" VALUES(80,20,2010,254805);
INSERT INTO "integer_value" VALUES(80,21,2010,95996);
INSERT INTO "integer_value" VALUES(80,22,2010,248631);
INSERT INTO "integer_value" VALUES(80,23,2010,2383);
INSERT INTO "integer_value" VALUES(80,24,2010,6174);
INSERT INTO "integer_value" VALUES(81,15,2000,12285504);
INSERT INTO "integer_value" VALUES(81,15,2001,12299533);
INSERT INTO "integer_value" VALUES(81,15,2002,12326302);
INSERT INTO "integer_value" VALUES(81,15,2003,12357524);
INSERT INTO "integer_value" VALUES(81,15,2004,12388368);
INSERT INTO "integer_value" VALUES(81,15,2005,12418161);
INSERT INTO "integer_value" VALUES(81,15,2006,12471142);
INSERT INTO "integer_value" VALUES(81,15,2007,12522531);
INSERT INTO "integer_value" VALUES(81,15,2008,12566368);
INSERT INTO "integer_value" VALUES(81,15,2009,12604767);
INSERT INTO "integer_value" VALUES(81,16,2000,12281071);
INSERT INTO "integer_value" VALUES(81,19,2010,46055);
INSERT INTO "integer_value" VALUES(81,20,2010,119283);
INSERT INTO "integer_value" VALUES(81,21,2010,44816);
INSERT INTO "integer_value" VALUES(81,22,2010,116074);
INSERT INTO "integer_value" VALUES(81,23,2010,1238);
INSERT INTO "integer_value" VALUES(81,24,2010,3208);
INSERT INTO "integer_value" VALUES(82,15,2000,1050736);
INSERT INTO "integer_value" VALUES(82,15,2001,1058051);
INSERT INTO "integer_value" VALUES(82,15,2002,1066034);
INSERT INTO "integer_value" VALUES(82,15,2003,1071504);
INSERT INTO "integer_value" VALUES(82,15,2004,1071414);
INSERT INTO "integer_value" VALUES(82,15,2005,1064989);
INSERT INTO "integer_value" VALUES(82,15,2006,1060196);
INSERT INTO "integer_value" VALUES(82,15,2007,1055009);
INSERT INTO "integer_value" VALUES(82,15,2008,1053502);
INSERT INTO "integer_value" VALUES(82,15,2009,1053209);
INSERT INTO "integer_value" VALUES(82,16,2000,1048315);
INSERT INTO "integer_value" VALUES(82,19,2010,1545);
INSERT INTO "integer_value" VALUES(82,20,2010,4002);
INSERT INTO "integer_value" VALUES(82,21,2010,1044);
INSERT INTO "integer_value" VALUES(82,22,2010,2706);
INSERT INTO "integer_value" VALUES(82,23,2010,500);
INSERT INTO "integer_value" VALUES(82,24,2010,1295);
INSERT INTO "integer_value" VALUES(83,15,2000,4023570);
INSERT INTO "integer_value" VALUES(83,15,2001,4062701);
INSERT INTO "integer_value" VALUES(83,15,2002,4103934);
INSERT INTO "integer_value" VALUES(83,15,2003,4146474);
INSERT INTO "integer_value" VALUES(83,15,2004,4201306);
INSERT INTO "integer_value" VALUES(83,15,2005,4256199);
INSERT INTO "integer_value" VALUES(83,15,2006,4339399);
INSERT INTO "integer_value" VALUES(83,15,2007,4424232);
INSERT INTO "integer_value" VALUES(83,15,2008,4503280);
INSERT INTO "integer_value" VALUES(83,15,2009,4561242);
INSERT INTO "integer_value" VALUES(83,16,2000,4011832);
INSERT INTO "integer_value" VALUES(83,19,2010,32020);
INSERT INTO "integer_value" VALUES(83,20,2010,82932);
INSERT INTO "integer_value" VALUES(83,21,2010,30109);
INSERT INTO "integer_value" VALUES(83,22,2010,77983);
INSERT INTO "integer_value" VALUES(83,23,2010,1910);
INSERT INTO "integer_value" VALUES(83,24,2010,4949);
INSERT INTO "integer_value" VALUES(84,15,2000,755694);
INSERT INTO "integer_value" VALUES(84,15,2001,758983);
INSERT INTO "integer_value" VALUES(84,15,2002,762107);
INSERT INTO "integer_value" VALUES(84,15,2003,766975);
INSERT INTO "integer_value" VALUES(84,15,2004,774283);
INSERT INTO "integer_value" VALUES(84,15,2005,780084);
INSERT INTO "integer_value" VALUES(84,15,2006,788519);
INSERT INTO "integer_value" VALUES(84,15,2007,797035);
INSERT INTO "integer_value" VALUES(84,15,2008,804532);
INSERT INTO "integer_value" VALUES(84,15,2009,812383);
INSERT INTO "integer_value" VALUES(84,16,2000,754835);
INSERT INTO "integer_value" VALUES(84,19,2010,77116);
INSERT INTO "integer_value" VALUES(84,20,2010,199731);
INSERT INTO "integer_value" VALUES(84,21,2010,75884);
INSERT INTO "integer_value" VALUES(84,22,2010,196540);
INSERT INTO "integer_value" VALUES(84,23,2010,1231);
INSERT INTO "integer_value" VALUES(84,24,2010,3190);
INSERT INTO "integer_value" VALUES(85,15,2000,5703243);
INSERT INTO "integer_value" VALUES(85,15,2001,5755443);
INSERT INTO "integer_value" VALUES(85,15,2002,5803306);
INSERT INTO "integer_value" VALUES(85,15,2003,5856522);
INSERT INTO "integer_value" VALUES(85,15,2004,5916762);
INSERT INTO "integer_value" VALUES(85,15,2005,5995748);
INSERT INTO "integer_value" VALUES(85,15,2006,6089453);
INSERT INTO "integer_value" VALUES(85,15,2007,6172862);
INSERT INTO "integer_value" VALUES(85,15,2008,6240456);
INSERT INTO "integer_value" VALUES(85,15,2009,6296254);
INSERT INTO "integer_value" VALUES(85,16,2000,5689276);
INSERT INTO "integer_value" VALUES(85,19,2010,42143);
INSERT INTO "integer_value" VALUES(85,20,2010,109151);
INSERT INTO "integer_value" VALUES(85,21,2010,41217);
INSERT INTO "integer_value" VALUES(85,22,2010,106752);
INSERT INTO "integer_value" VALUES(85,23,2010,926);
INSERT INTO "integer_value" VALUES(85,24,2010,2399);
INSERT INTO "integer_value" VALUES(86,15,2000,20945963);
INSERT INTO "integer_value" VALUES(86,15,2001,21332847);
INSERT INTO "integer_value" VALUES(86,15,2002,21710788);
INSERT INTO "integer_value" VALUES(86,15,2003,22057801);
INSERT INTO "integer_value" VALUES(86,15,2004,22418319);
INSERT INTO "integer_value" VALUES(86,15,2005,22801920);
INSERT INTO "integer_value" VALUES(86,15,2006,23369024);
INSERT INTO "integer_value" VALUES(86,15,2007,23837701);
INSERT INTO "integer_value" VALUES(86,15,2008,24304290);
INSERT INTO "integer_value" VALUES(86,15,2009,24782302);
INSERT INTO "integer_value" VALUES(86,16,2000,20851818);
INSERT INTO "integer_value" VALUES(86,19,2010,268580);
INSERT INTO "integer_value" VALUES(86,20,2010,695621);
INSERT INTO "integer_value" VALUES(86,21,2010,261797);
INSERT INTO "integer_value" VALUES(86,22,2010,678051);
INSERT INTO "integer_value" VALUES(86,23,2010,6783);
INSERT INTO "integer_value" VALUES(86,24,2010,17570);
INSERT INTO "integer_value" VALUES(87,15,2000,2244314);
INSERT INTO "integer_value" VALUES(87,15,2001,2291250);
INSERT INTO "integer_value" VALUES(87,15,2002,2334473);
INSERT INTO "integer_value" VALUES(87,15,2003,2379938);
INSERT INTO "integer_value" VALUES(87,15,2004,2438915);
INSERT INTO "integer_value" VALUES(87,15,2005,2499637);
INSERT INTO "integer_value" VALUES(87,15,2006,2583724);
INSERT INTO "integer_value" VALUES(87,15,2007,2663796);
INSERT INTO "integer_value" VALUES(87,15,2008,2727343);
INSERT INTO "integer_value" VALUES(87,15,2009,2784572);
INSERT INTO "integer_value" VALUES(87,16,2000,2233204);
INSERT INTO "integer_value" VALUES(87,19,2010,84898);
INSERT INTO "integer_value" VALUES(87,20,2010,219887);
INSERT INTO "integer_value" VALUES(87,21,2010,82143);
INSERT INTO "integer_value" VALUES(87,22,2010,212751);
INSERT INTO "integer_value" VALUES(87,23,2010,2755);
INSERT INTO "integer_value" VALUES(87,24,2010,7136);
INSERT INTO "integer_value" VALUES(88,15,2000,609903);
INSERT INTO "integer_value" VALUES(88,15,2001,612153);
INSERT INTO "integer_value" VALUES(88,15,2002,614950);
INSERT INTO "integer_value" VALUES(88,15,2003,616559);
INSERT INTO "integer_value" VALUES(88,15,2004,618145);
INSERT INTO "integer_value" VALUES(88,15,2005,618814);
INSERT INTO "integer_value" VALUES(88,15,2006,619985);
INSERT INTO "integer_value" VALUES(88,15,2007,620460);
INSERT INTO "integer_value" VALUES(88,15,2008,621049);
INSERT INTO "integer_value" VALUES(88,15,2009,621760);
INSERT INTO "integer_value" VALUES(88,16,2000,608821);
INSERT INTO "integer_value" VALUES(88,19,2010,9614);
INSERT INTO "integer_value" VALUES(88,20,2010,24901);
INSERT INTO "integer_value" VALUES(88,21,2010,9249);
INSERT INTO "integer_value" VALUES(88,22,2010,23956);
INSERT INTO "integer_value" VALUES(88,23,2010,364);
INSERT INTO "integer_value" VALUES(88,24,2010,945);
INSERT INTO "integer_value" VALUES(89,15,2000,7104533);
INSERT INTO "integer_value" VALUES(89,15,2001,7191304);
INSERT INTO "integer_value" VALUES(89,15,2002,7283541);
INSERT INTO "integer_value" VALUES(89,15,2003,7373694);
INSERT INTO "integer_value" VALUES(89,15,2004,7468914);
INSERT INTO "integer_value" VALUES(89,15,2005,7563887);
INSERT INTO "integer_value" VALUES(89,15,2006,7646996);
INSERT INTO "integer_value" VALUES(89,15,2007,7719749);
INSERT INTO "integer_value" VALUES(89,15,2008,7795424);
INSERT INTO "integer_value" VALUES(89,15,2009,7882590);
INSERT INTO "integer_value" VALUES(89,16,2000,7079048);
INSERT INTO "integer_value" VALUES(89,19,2010,42774);
INSERT INTO "integer_value" VALUES(89,20,2010,110785);
INSERT INTO "integer_value" VALUES(89,21,2010,39594);
INSERT INTO "integer_value" VALUES(89,22,2010,102548);
INSERT INTO "integer_value" VALUES(89,23,2010,3180);
INSERT INTO "integer_value" VALUES(89,24,2010,8236);
INSERT INTO "integer_value" VALUES(90,15,2000,5911122);
INSERT INTO "integer_value" VALUES(90,15,2001,5987785);
INSERT INTO "integer_value" VALUES(90,15,2002,6056187);
INSERT INTO "integer_value" VALUES(90,15,2003,6113262);
INSERT INTO "integer_value" VALUES(90,15,2004,6184289);
INSERT INTO "integer_value" VALUES(90,15,2005,6261282);
INSERT INTO "integer_value" VALUES(90,15,2006,6372243);
INSERT INTO "integer_value" VALUES(90,15,2007,6464979);
INSERT INTO "integer_value" VALUES(90,15,2008,6566073);
INSERT INTO "integer_value" VALUES(90,15,2009,6664195);
INSERT INTO "integer_value" VALUES(90,16,2000,5894143);
INSERT INTO "integer_value" VALUES(90,19,2010,71299);
INSERT INTO "integer_value" VALUES(90,20,2010,184665);
INSERT INTO "integer_value" VALUES(90,21,2010,66544);
INSERT INTO "integer_value" VALUES(90,22,2010,172348);
INSERT INTO "integer_value" VALUES(90,23,2010,4755);
INSERT INTO "integer_value" VALUES(90,24,2010,12317);
INSERT INTO "integer_value" VALUES(91,15,2000,1806962);
INSERT INTO "integer_value" VALUES(91,15,2001,1798582);
INSERT INTO "integer_value" VALUES(91,15,2002,1799411);
INSERT INTO "integer_value" VALUES(91,15,2003,1802238);
INSERT INTO "integer_value" VALUES(91,15,2004,1803302);
INSERT INTO "integer_value" VALUES(91,15,2005,1803920);
INSERT INTO "integer_value" VALUES(91,15,2006,1807237);
INSERT INTO "integer_value" VALUES(91,15,2007,1811198);
INSERT INTO "integer_value" VALUES(91,15,2008,1814873);
INSERT INTO "integer_value" VALUES(91,15,2009,1819777);
INSERT INTO "integer_value" VALUES(91,16,2000,1808344);
INSERT INTO "integer_value" VALUES(91,19,2010,24229);
INSERT INTO "integer_value" VALUES(91,20,2010,62755);
INSERT INTO "integer_value" VALUES(91,21,2010,24077);
INSERT INTO "integer_value" VALUES(91,22,2010,62361);
INSERT INTO "integer_value" VALUES(91,23,2010,152);
INSERT INTO "integer_value" VALUES(91,24,2010,394);
INSERT INTO "integer_value" VALUES(92,15,2000,5374254);
INSERT INTO "integer_value" VALUES(92,15,2001,5408769);
INSERT INTO "integer_value" VALUES(92,15,2002,5446766);
INSERT INTO "integer_value" VALUES(92,15,2003,5476796);
INSERT INTO "integer_value" VALUES(92,15,2004,5511385);
INSERT INTO "integer_value" VALUES(92,15,2005,5541443);
INSERT INTO "integer_value" VALUES(92,15,2006,5571680);
INSERT INTO "integer_value" VALUES(92,15,2007,5601571);
INSERT INTO "integer_value" VALUES(92,15,2008,5627610);
INSERT INTO "integer_value" VALUES(92,15,2009,5654774);
INSERT INTO "integer_value" VALUES(92,16,2000,5363708);
INSERT INTO "integer_value" VALUES(92,19,2010,65497);
INSERT INTO "integer_value" VALUES(92,20,2010,169639);
INSERT INTO "integer_value" VALUES(92,21,2010,54310);
INSERT INTO "integer_value" VALUES(92,22,2010,140663);
INSERT INTO "integer_value" VALUES(92,23,2010,11187);
INSERT INTO "integer_value" VALUES(92,24,2010,28976);
INSERT INTO "integer_value" VALUES(93,15,2000,493958);
INSERT INTO "integer_value" VALUES(93,15,2001,492982);
INSERT INTO "integer_value" VALUES(93,15,2002,497069);
INSERT INTO "integer_value" VALUES(93,15,2003,499189);
INSERT INTO "integer_value" VALUES(93,15,2004,502988);
INSERT INTO "integer_value" VALUES(93,15,2005,506242);
INSERT INTO "integer_value" VALUES(93,15,2006,512841);
INSERT INTO "integer_value" VALUES(93,15,2007,523414);
INSERT INTO "integer_value" VALUES(93,15,2008,532981);
INSERT INTO "integer_value" VALUES(93,15,2009,544270);
INSERT INTO "integer_value" VALUES(93,16,2000,493783);
INSERT INTO "integer_value" VALUES(93,19,2010,97813);
INSERT INTO "integer_value" VALUES(93,20,2010,253336);
INSERT INTO "integer_value" VALUES(93,21,2010,97100);
INSERT INTO "integer_value" VALUES(93,22,2010,251489);
INSERT INTO "integer_value" VALUES(93,23,2010,713);
INSERT INTO "integer_value" VALUES(93,24,2010,1847);
CREATE INDEX place_idx_map_id ON place (map_id);
CREATE INDEX place_idx_parent_id ON place (parent_id);
CREATE UNIQUE INDEX map_id ON place (map_id, name);
CREATE UNIQUE INDEX map_id_2 ON place (map_id, map_code);
CREATE INDEX integer_value_idx_integer_statistic_id ON integer_value (integer_statistic_id);
CREATE INDEX integer_value_idx_place_id ON integer_value (place_id);
COMMIT;
